<?xml version="1.0" encoding="UTF-8"?>
<project-private xmlns="http://www.netbeans.org/ns/project-private/1">
    <editor-bookmarks xmlns="http://www.netbeans.org/ns/editor-bookmarks/2" lastBookmarkId="0"/>
    <open-files xmlns="http://www.netbeans.org/ns/projectui-open-files/2">
        <group>
            <file>file:/C:/Users/basas/Desktop/To%20upload%20on%20Github/SmartCare/SmartCare/web/views/landing/adminLanding.jsp</file>
            <file>file:/C:/Users/basas/Desktop/To%20upload%20on%20Github/SmartCare/SmartCare/src/java/smartcare/controllers/filters/AdminFilter.java</file>
            <file>file:/C:/Users/basas/Desktop/To%20upload%20on%20Github/SmartCare/SmartCare/src/java/smartcare/controllers/landings/AdminServlet.java</file>
            <file>file:/C:/Users/basas/Desktop/To%20upload%20on%20Github/SmartCare/SmartCare/web/views/landing/doctorLanding.jsp</file>
            <file>file:/C:/Users/basas/Desktop/To%20upload%20on%20Github/SmartCare/SmartCare/web/views/login.jsp</file>
            <file>file:/C:/Users/basas/Desktop/To%20upload%20on%20Github/SmartCare/SmartCare/src/java/smartcare/controllers/Login.java</file>
        </group>
    </open-files>
</project-private>
